"ra","dec","magnitude","class","z","x","y"
"164.8781","28.281379","15.97296","STAR","3.780786E-05","317.7175","-23.18755"
"162.25598","29.541017","16.17684","STAR","0.0002373934","-183.6067","250.0784"
"162.41955","29.102669","16.54812","STAR","-0.0001292831","-153.0464","154.0786"
"163.70473","28.215485","16.59075","STAR","0.0006720982","92.1977","-39.44954"
"161.90032","28.006243","16.62361","STAR","0.0006485584","-254.5867","-83.87747"
"162.33507","27.260289","17.026","STAR","-0.0001747596","-172.2334","-247.3197"
"163.12053","28.03937","17.17401","STAR","-0.0005502251","-19.82717","-77.92243"
"164.30959","27.585581","17.23396","STAR","0.0002422925","209.6965","-176.0217"
"162.80467","29.730225","17.26971","STAR","-0.000389815","-79.33701","290.6671"
"163.74523","27.130453","17.29482","STAR","2.308619E-05","101.1571","-276.0046"
"164.25152","28.069039","17.31874","STAR","0.0004754109","197.4882","-70.73165"
"164.27915","27.309108","17.3247","STAR","-7.633205E-05","204.4898","-236.4978"
"162.02694","28.398431","17.40964","STAR","0.000127375","-229.3088","1.322249"
"163.5801","29.831135","17.41504","STAR","-0.0006349855","67.41919","312.7707"
"163.91364","27.285941","17.43623","STAR","0.0002150211","133.5995","-241.8798"
"164.41232","29.260157","17.50843","STAR","-4.994967E-05","226.0105","189.1323"
"163.33382","28.793781","17.50864","STAR","0.0002940834","20.97278","86.19025"
"162.07494","28.576408","17.59064","GALAXY","1.194259","-219.734","39.9976"
"163.08345","29.29502","17.62178","STAR","0.0006169103","-26.65656","195.444"
"164.52398","29.270578","17.6736","GALAXY","0.8461279","247.3225","191.7053"
"163.38635","29.162534","17.76552","STAR","0.000360004","30.90307","166.5607"
"164.34479","29.446411","17.82898","QSO","1.513848","212.8884","229.7112"
"162.4542","27.440546","17.85079","STAR","4.400928E-05","-148.7996","-208.0367"
"162.37036","27.998977","17.89987","STAR","0.0004487345","-164.0798","-86.22366"
"162.0701","29.175668","17.97659","QSO","1.319989","-219.4922","170.6206"
"162.13498","29.112178","18.05855","QSO","0.7291974","-207.229","156.6335"
"163.70287","27.963792","18.09982","QSO","1.651793","92.10096","-94.23886"
"164.02893","29.480498","18.32274","QSO","0.9159573","152.7545","236.5038"
"163.29807","29.802304","18.36013","QSO","3.795496","14.06488","306.2802"
"162.77732","28.126905","18.41808","QSO","1.125238","-85.65346","-58.73757"
"163.85683","28.317488","18.42472","QSO","2.28884","121.2804","-17.12244"
"163.15228","28.875462","18.44232","QSO","2.196876","-13.61362","103.9748"
"163.15196","28.176137","18.52561","QSO","2.064325","-13.75766","-48.15726"
"163.94293","27.956015","18.59249","QSO","1.441201","138.3046","-95.73866"
"162.2386","27.875174","18.62488","QSO","3.059183","-189.6566","-113.0094"
"162.66045","28.572868","18.63223","QSO","3.433691","-107.6369","38.39248"
"164.8408","28.24452","18.66717","QSO","2.625721","310.62","-31.31406"
"163.21904","27.043233","18.69304","GALAXY","0.9990593","-0.9234613","-295.2362"
"164.66844","27.867831","18.78968","QSO","0.4107575","278.4134","-113.8462"
"162.24607","29.467885","18.80144","QSO","1.708919","-185.5543","234.0866"
"162.96843","29.459052","18.82296","QSO","0.7256114","-48.4216","231.2624"
"163.38531","29.627117","18.85855","QSO","2.083119","30.60375","267.9208"
"162.41468","28.288127","18.86308","GALAXY","0.9458218","-155.1025","-23.31314"
"162.29841","28.43887","18.86546","QSO","1.000566","-177.1518","9.671134"
"164.80975","28.501543","18.93519","QSO","1.828271","303.8618","24.65186"
"161.67815","28.433541","18.94278","QSO","1.486369","-296.249","9.745075"
"164.74202","27.801253","18.96536","QSO","2.028047","292.9186","-128.2517"
"164.53783","27.792067","19.03372","QSO","2.378165","253.3448","-130.6093"
"163.92268","27.967011","19.07025","QSO","1.440192","134.3913","-93.36356"
"162.16151","27.897991","19.07686","STAR","0.000494156","-204.4852","-107.9272"
"163.53817","26.991268","19.08267","QSO","1.29915","61.10488","-306.6068"
"164.53783","27.981437","19.0965","GALAXY","0.5525439","252.8277","-89.32104"
"162.43902","28.973156","19.10479","QSO","2.974667","-149.4901","125.8299"
"162.43667","29.047287","19.12677","QSO","0.430056","-149.8419","141.9866"
"162.24384","27.961316","19.1452","QSO","2.128311","-188.4847","-94.24958"
"163.06847","28.748112","19.16522","QSO","2.184696","-29.60948","76.2627"
"163.34302","28.818272","19.20146","QSO","1.529433","22.73562","91.52665"
"161.83893","28.42603","19.20362","GALAXY","0.7484805","-265.3403","7.723619"
"164.04544","29.203798","19.21322","QSO","0.7919655","156.2306","176.1386"
"163.03181","28.199993","19.22231","QSO","0.563936","-36.78177","-42.94568"
"162.6947","28.039288","19.26533","QSO","1.715473","-101.616","-77.75723"
"163.29372","29.158655","19.28212","QSO","1.895414","13.30544","165.6958"
"164.32347","28.638632","19.3205","QSO","0.8566443","210.2017","53.44801"
"163.10475","27.757456","19.34531","QSO","1.484095","-22.91702","-139.3271"
"162.80471","28.357892","19.3786","QSO","1.863405","-80.20392","-8.497176"
"163.89682","27.313424","19.38633","QSO","1.877783","130.3099","-235.881"
"163.6474","28.053108","19.42168","QSO","1.502795","81.35143","-74.82159"
"163.49341","28.228703","19.42603","QSO","1.15181","51.67196","-36.67901"
"163.56047","27.273598","19.42789","QSO","0.810686","65.2056","-244.784"
"163.03523","28.009828","19.43203","QSO","2.123783","-36.2029","-84.33133"
"162.98604","28.836103","19.48934","QSO","1.330911","-45.30278","95.45403"
"163.90514","27.378759","19.51284","QSO","0.5020303","131.8248","-221.6075"
"163.29982","29.276487","19.58712","QSO","0.6728113","14.45161","191.389"
"163.69679","28.124586","19.61542","QSO","1.116489","90.77222","-59.23227"
"164.4439","27.43873","19.62175","QSO","3.219589","236.1581","-207.9411"
"164.33478","27.409628","19.62264","QSO","2.039519","215.0357","-214.4289"
"164.34231","27.797895","19.65714","QSO","1.752187","215.551","-129.6625"
"162.99933","27.301882","19.69023","QSO","2.342705","-43.43646","-238.6465"
"163.67846","28.879796","19.72705","QSO","1.904728","86.65953","105.1107"
"163.87119","28.826281","19.74366","QSO","3.722227","123.4754","93.64814"
"163.82101","28.405193","19.76968","QSO","3.021871","114.3136","1.92915"
"164.50875","28.134734","19.7719","QSO","1.725004","246.8509","-55.96494"
"162.03423","28.635398","19.78269","GALAXY","1.12928","-227.4077","52.92581"
"162.29096","28.673033","19.79301","QSO","1.924113","-178.1967","60.67335"
"163.45802","28.940998","19.80531","QSO","1.559689","44.61811","118.2999"
"163.78919","27.642035","19.82626","QSO","3.20871","109.0811","-164.2908"
"164.39226","28.064234","19.83148","QSO","2.116544","224.5906","-71.54026"
"164.12502","28.659485","19.90369","QSO","0.5986422","172.1953","57.66133"
"163.6129","27.047377","19.92985","QSO","1.099798","75.57154","-294.2643"
"164.41351","29.203126","19.95655","GALAXY","0.5831097","226.3302","176.6781"
"163.95913","28.801843","19.98992","QSO","0.8152047","140.2928","88.43291"
"164.49109","27.434139","19.98997","QSO","1.102117","245.3566","-208.8963"
"163.17814","28.083702","19.99419","QSO","2.996715","-8.748319","-68.27178"
"162.95306","29.032793","20.00565","QSO","3.283668","-51.51462","138.3263"
"162.77537","27.924254","20.0179","QSO","1.864809","-86.21912","-102.8627"
"164.5887","27.558098","20.03908","QSO","2.460016","263.9373","-181.6425"
"163.98495","27.824597","20.06127","QSO","1.505456","146.5913","-124.3252"
"163.09284","27.328128","20.06508","QSO","0.6487635","-25.32828","-232.9421"
"163.79413","27.514236","20.12944","GALAXY","0","110.1811","-192.1474"
"163.14122","28.57514","20.13496","QSO","1.638095","-15.75627","38.60949"
"164.0704","29.227611","20.16323","QSO","1.664597","160.9475","181.3681"
"164.18408","28.485602","20.16427","QSO","0.9119771","183.7863","19.88665"
"162.49219","27.831556","20.17743","QSO","1.040939","-140.8615","-122.8295"
"163.435","28.827888","20.17777","QSO","1.90054","40.26672","93.65008"
"163.8012","28.819668","20.18404","QSO","1.510291","110.1224","92.13053"
"164.57202","28.222836","20.2601","GALAXY","0.890708","258.8011","-36.64685"
"163.91169","28.029565","20.35531","GALAXY","0.778817","132.1793","-79.75608"
"163.83552","28.759444","20.38746","QSO","0.6690392","116.7313","79.05163"
"163.96498","27.54539","20.4781","QSO","1.798482","143.1541","-185.2009"
"163.70833","28.672684","20.48083","GALAXY","0.866062","92.49717","60.03422"
"164.16788","28.055822","20.49551","GALAXY","0.9262437","181.4219","-73.73399"
"163.34528","28.483996","20.61587","GALAXY","0.7257944","23.21458","18.79032"
"164.09976","27.967749","20.82249","GALAXY","0.8590813","168.466","-93.00967"
"163.96822","27.920379","20.8304","GALAXY","0.9000986","143.2147","-103.4817"
"164.47794","27.536792","20.84384","GALAXY","0.76043","242.4592","-186.4504"
"163.42187","28.92055","20.84494","GALAXY","0.7693403","37.72554","113.828"
"162.79472","29.025715","20.87339","GALAXY","0.651388","-81.67981","136.8891"
"163.70216","27.31941","20.88138","QSO","0.6246661","92.60226","-234.7108"
"163.29236","28.733507","20.89211","GALAXY","0.7961287","13.07451","73.06157"
"162.35923","28.932725","20.92476","GALAXY","0.7902803","-164.7781","117.1339"
"163.70518","28.173343","20.9412","GALAXY","0.824867","92.32454","-48.62033"
"163.24045","28.130112","21.01838","GALAXY","0.7580206","3.192288","-58.18043"
"163.32153","27.222213","21.03667","GALAXY","0.722634","18.93419","-256.0747"
"161.69625","28.397419","21.04808","GALAXY","0.9548684","-292.8751","1.822047"
"164.05937","27.148933","21.06437","GALAXY","0.9040225","162.1584","-271.7851"
"162.24458","27.979035","21.06455","GALAXY","1.50093","-188.3262","-90.39651"
"163.01773","29.461758","21.06499","GALAXY","0.9387005","-39.08417","231.8306"
"161.94618","27.871564","21.10074","GALAXY","0.6777468","-246.0821","-113.3223"
"163.57613","28.020107","21.1095","GALAXY","0.8111552","67.67218","-82.04823"
"163.19474","27.430357","21.1516","QSO","1.559437","-5.617383","-210.6633"
"164.36466","29.112924","21.15547","GALAXY","1.209286","217.1662","156.8846"
"163.91308","28.828206","21.15802","GALAXY","1.050301","131.4592","94.1152"
"163.63368","28.705701","21.15845","GALAXY","0.8116558","78.21551","67.1608"
"164.685","28.132918","21.17673","GALAXY","0.8507807","280.8188","-56.00512"
"163.09589","27.282805","21.17832","GALAXY","0.8022798","-24.76409","-242.8402"
"164.63357","28.927569","21.18678","GALAXY","0.7985992","268.9361","117.087"
"164.14798","28.136219","21.18997","GALAXY","0.9810786","177.4522","-56.25137"
"163.66133","28.165067","21.20882","GALAXY","0.7939934","83.91512","-50.44924"
"162.74472","28.068974","21.21132","GALAXY","0.80058","-91.98701","-71.33378"
"164.22114","28.024765","21.21337","GALAXY","1.052143","191.7274","-80.42191"
"162.0969","28.194781","21.21762","GALAXY","1.141131","-216.3071","-43.16397"
"162.74849","28.899311","21.21777","QSO","0.7851064","-90.57465","109.3851"
"162.54338","29.146611","21.22239","GALAXY","0.9031245","-129.4205","163.4931"
"162.99657","28.103325","21.22584","QSO","0.9794335","-43.5984","-63.97512"
"162.67327","28.975766","21.22931","GALAXY","0.8145129","-104.8531","126.1154"
"162.87345","26.941783","21.23015","QSO","0.07259259","-68.13572","-317.4912"
"162.28176","29.166404","21.23249","GALAXY","0.8578892","-179.1916","168.1857"
"162.51427","28.56565","21.23759","GALAXY","0.8909122","-135.6349","36.97797"
"162.2244","28.936962","21.23946","GALAXY","1.017474","-190.4936","118.2742"
"162.79584","29.222999","21.24617","GALAXY","0.7549778","-81.33575","179.892"
"163.26849","28.530259","21.26716","GALAXY","0.6396346","8.535653","28.84018"
"163.62632","28.444941","21.26718","GALAXY","0.8449081","76.98103","10.41711"
"162.04838","28.076119","21.27543","QSO","4.005781","-225.894","-68.92732"
"163.70992","27.893858","21.2758","GALAXY","0.8424448","93.5176","-109.4751"
"163.14092","29.246466","21.28519","GALAXY","1.032689","-15.74804","184.8444"
"162.79307","29.642478","21.28538","GALAXY","0.7677773","-81.58989","271.4504"
"164.55386","28.472114","21.29343","GALAXY","0.8470973","254.7007","17.62541"
"163.12471","27.728645","21.30072","GALAXY","0.6943773","-19.09283","-145.618"
"162.9716","28.056192","21.30583","GALAXY","0.8867045","-48.41603","-74.22633"
"164.50089","28.974679","21.30678","QSO","2.630643","243.4418","127.0342"
"164.8216","28.635647","21.31217","GALAXY","0.9899405","305.7727","53.92418"
"162.44454","29.00357","21.31433","GALAXY","0.7945157","-148.4151","132.4475"
"164.69747","28.87429","21.32231","GALAXY","0.8369253","281.3105","105.6351"
"163.90668","27.835583","21.33224","GALAXY","0.8473083","131.4818","-122.0171"
"163.14338","28.303442","21.34232","GALAXY","0.23964","-15.39584","-20.47411"
"161.6711","27.935781","21.34895","QSO","0.4883885","-299.1406","-98.79306"
"164.66809","28.507694","21.35802","STAR","-3.503937E-05","276.5648","25.639"
"163.35879","28.079153","21.36057","GALAXY","0.9320689","25.90404","-69.25977"
"163.77763","28.104698","21.36429","GALAXY","0.7886515","106.3112","-63.51097"
"162.52542","28.347763","21.36466","GALAXY","0.7396184","-133.7695","-10.46124"
"162.72966","28.002105","21.36714","STAR","5.661708E-06","-94.93391","-85.87825"
"163.08355","27.991401","21.3697","GALAXY","0.7666861","-26.94211","-88.36052"
"163.11541","27.123489","21.37095","GALAXY","0.7224762","-21.02274","-277.6518"
"162.91804","27.645474","21.37572","GALAXY","1.336307","-58.97281","-163.6947"
"163.53721","28.923574","21.37921","GALAXY","0.7939585","59.69898","114.5438"
"163.25593","29.304239","21.38383","GALAXY","0.757221","6.100116","197.4359"
"163.10093","27.720631","21.38449","GALAXY","0.9264175","-23.67699","-147.3616"
"163.04525","29.591107","21.38686","GALAXY","0.8005606","-33.82983","260.0578"
"164.39179","28.133083","21.39218","GALAXY","0.9059494","224.3387","-56.54734"
"162.5618","27.031519","21.39488","QSO","0.4848697","-128.6394","-297.6581"
"163.1042","29.484371","21.39568","GALAXY","0.7868325","-22.67992","236.7378"
"162.87863","27.222242","21.40109","GALAXY","0.9523118","-66.87672","-255.999"
"162.77198","28.769138","21.40606","GALAXY","0.8143192","-86.18365","81.01176"
"164.72176","28.595175","21.40621","GALAXY","0.7640544","286.65","44.83337"
"164.47244","27.916856","21.41551","GALAXY","0.8236675","240.3738","-103.5181"
"164.5021","28.737268","21.41869","GALAXY","0.8683469","244.1739","75.28585"
"162.40162","28.085256","21.42246","GALAXY","1.147153","-157.9262","-67.4707"
"162.05806","28.219513","21.42267","GALAXY","0.8342631","-223.7193","-37.70762"
"162.70785","29.126413","21.42653","GALAXY","0.7804692","-98.14251","158.9131"
"164.11526","29.064008","21.42768","STAR","5.580899E-05","169.7207","145.772"
"163.98697","28.998171","21.43175","QSO","0.6175146","145.353","131.2385"
"164.15093","28.500404","21.43194","GALAXY","0.9002061","177.3994","23.05551"
"162.91884","29.009763","21.43941","GALAXY","0.8161214","-58.05397","133.3251"
"162.90388","29.619706","21.43987","GALAXY","1.001718","-60.6049","266.3807"
"163.14311","27.798804","21.44527","GALAXY","0.7717826","-15.53505","-130.3272"
"162.98782","29.558078","21.45201","GALAXY","0.725736","-44.72258","252.8668"
"162.91377","27.023891","21.45496","GALAXY","0.8032679","-60.21746","-299.4404"
"162.69342","27.4391","21.45633","GALAXY","0.6792403","-102.53","-208.5619"
"163.41718","29.21126","21.46312","GALAXY","1.127433","36.75062","177.1945"
"164.33375","28.333039","21.46637","GALAXY","0.7854493","212.7662","-13.09567"
"162.11897","28.375894","21.47088","GALAXY","0.7951665","-211.6984","-3.755445"
"162.8532","27.92964","21.47117","GALAXY","0.843563","-71.25678","-101.7373"
"162.93855","28.76053","21.4717","GALAXY","1.062789","-54.40254","79.02041"
"164.27343","28.971401","21.47965","GALAXY","0.7733829","200.0156","125.8532"
"163.46379","29.653158","21.48648","GALAXY","0.9826379","45.44855","273.6464"
"164.26053","29.353884","21.49473","GALAXY","0.9066233","196.9405","209.2667"
"162.95018","28.045009","21.49797","GALAXY","0.5897083","-52.53589","-76.65352"
"162.0538","27.861875","21.50325","GALAXY","0.7091057","-225.3317","-115.6218"
"163.60587","28.171672","21.50408","GALAXY","0.7861236","73.26612","-49.04287"
"164.66318","28.164855","21.50598","GALAXY","0.6097603","276.5182","-49.09028"
"162.76335","27.317838","21.5064","GALAXY","0.7414608","-89.12308","-235.065"
"164.29912","28.099438","21.50742","QSO","0.7974788","206.5847","-64.03439"
"164.33358","29.193245","21.50981","QSO","0.9655734","211.102","174.3433"
"162.86581","29.837646","21.51228","GALAXY","0.7074772","-67.74011","314.2108"
"164.74125","28.115509","21.5143","GALAXY","0.8348683","291.7389","-59.67935"
"163.86859","28.843751","21.51652","GALAXY","0.2519442","122.9505","97.44844"
"162.9578","28.00175","21.51763","GALAXY","0.7401633","-51.09733","-86.07468"
"163.73662","28.078709","21.51781","GALAXY","0.7794801","98.45915","-69.19875"
"163.86432","29.526659","21.53081","GALAXY","0.7850736","121.4472","246.3487"
"164.24546","27.503384","21.54875","GALAXY","1.101921","197.469","-194.0482"
"164.172","28.500777","21.55093","GALAXY","0.9816762","181.4359","23.1687"
"164.74077","28.983743","21.55142","GALAXY","0.7628583","289.3926","129.654"
"164.17664","27.317483","21.55247","GALAXY","0.2967211","184.5515","-234.7559"
"163.95848","27.729912","21.55281","GALAXY","0.8376023","141.6172","-144.9924"
"162.86695","28.426331","21.55395","QSO","0.7757547","-68.2548","6.346219"
"162.59098","29.742134","21.55977","GALAXY","0.9388122","-119.8403","293.5583"
"163.3269","26.931037","21.56005","GALAXY","0.9395458","20.05139","-319.886"
"161.64841","28.575513","21.56078","GALAXY","0.7793199","-301.6115","40.77068"
"162.92977","27.246767","21.5629","GALAXY","0.7892324","-56.95115","-250.6621"
"164.4767","29.037606","21.56672","GALAXY","0.898511","238.6945","140.703"
"162.82153","29.026296","21.56767","GALAXY","0.8201424","-76.57422","136.9946"
"162.96309","26.942589","21.56894","GALAXY","1.18491","-50.69672","-317.3261"
"163.08717","27.24661","21.57004","GALAXY","0.7024351","-26.46277","-250.7398"
"162.94474","28.226076","21.57173","GALAXY","0.7456855","-53.47505","-37.24852"
"163.10027","28.021382","21.57309","GALAXY","0.9677526","-23.72191","-81.83553"
"163.72744","29.195995","21.57442","GALAXY","0.8086423","95.74185","174.0624"
"163.54149","27.032491","21.57474","GALAXY","0.8726494","61.69985","-297.5552"
"162.03039","29.246916","21.57969","GALAXY","0.81265","-226.9663","186.2678"
"162.52145","27.69405","21.58617","GALAXY","0.780739","-135.4318","-152.8307"
"163.02483","28.347561","21.5876","GALAXY","1.286347","-38.0769","-10.85476"
"163.425","27.128189","21.58847","GALAXY","1.11877","39.02415","-276.6107"
"162.11617","28.673276","21.59157","GALAXY","0.869998","-211.6495","61.02098"
"162.64234","28.939547","21.59843","GALAXY","1.064923","-110.7804","118.2559"
"163.06119","29.682447","21.60033","GALAXY","0.8139055","-30.78997","280.0249"
"163.87521","29.584893","21.60046","GALAXY","0.7628379","123.465","259.0986"
"161.78652","28.400383","21.62483","GALAXY","0.3171925","-275.4828","2.253822"
"162.62786","28.991273","21.62787","GALAXY","0.8005472","-113.4925","129.5422"
"163.75839","28.788103","21.6284","GALAXY","0.782296","101.9669","85.21055"
"163.32019","28.890087","21.62851","QSO","0.714794","18.36135","107.1622"
"163.91417","28.849229","21.62907","QSO","1.915045","131.644","98.69585"
"163.76256","28.069194","21.62944","QSO","1.139368","103.4548","-71.25208"
"162.99343","28.037758","21.63111","QSO","0.9183615","-44.23347","-78.24612"
"162.36691","27.672629","21.63295","GALAXY","1.427342","-165.2886","-157.3274"
"164.22114","27.419595","21.6331","GALAXY","0.8515102","192.9471","-212.3796"
"163.14793","28.02876","21.6367","GALAXY","0.9495322","-14.56836","-80.23542"
"163.31489","28.690581","21.64261","GALAXY","0.7826723","17.37723","63.72224"
"163.39551","28.800755","21.64381","QSO","1.10738","32.73283","87.72533"
"163.38134","28.406688","21.64511","GALAXY","0.8655705","30.12804","1.988204"
"163.17002","29.055866","21.64586","GALAXY","1.120273","-10.23435","143.2849"
"164.45709","28.317209","21.64828","GALAXY","0.7979658","236.4808","-16.31697"
"161.64933","28.216998","21.65077","GALAXY","0.9590796","-302.4594","-37.39869"
"162.48921","29.48952","21.65876","GALAXY","0.7966418","-139.3392","238.3731"
"162.97679","29.077483","21.66026","GALAXY","0.9649356","-46.99643","148.0547"
"162.99172","29.377638","21.6604","QSO","1.295826","-44.04831","213.4924"
"163.46031","27.738033","21.66358","GALAXY","0.346276","45.56741","-143.5454"
"164.01992","28.544908","21.66421","STAR","-0.003126888","152.2377","32.56101"
"164.35912","28.674208","21.67079","GALAXY","0.903683","216.9441","61.25973"
"162.27069","27.373528","21.673","GALAXY","0.7308362","-184.4738","-222.4827"
"164.1859","28.358922","21.67392","QSO","0.861561","184.3447","-7.699546"
"163.24571","27.582946","21.68188","GALAXY","0.9664946","4.228162","-177.3903"
"162.05396","29.068054","21.68293","GALAXY","0.790531","-222.7782","147.1756"
"163.22155","29.331604","21.68401","GALAXY","0.4233291","-0.4286273","203.4026"
"163.52127","29.24","21.69544","GALAXY","0.7858508","56.52183","183.5072"
"163.15823","28.798474","21.69922","GALAXY","0.8106081","-12.50094","87.20566"
"163.29423","27.392059","21.69951","GALAXY","0.8287571","13.61999","-219.0138"
"163.53798","27.789075","21.70232","GALAXY","1.130293","60.50026","-132.394"
"163.54878","28.389043","21.70281","GALAXY","0.83641","62.17519","-1.785966"
"162.09173","28.240088","21.70746","GALAXY","0.7005579","-217.206","-33.2863"
"164.28887","28.258854","21.70811","GALAXY","0.9704407","204.2971","-29.32896"
"162.9316","28.958951","21.71178","GALAXY","0.8257349","-55.64571","122.2442"
"164.05637","27.333162","21.71203","QSO","0.597831","161.1854","-231.4376"
"162.73825","28.239305","21.71236","GALAXY","0.6743234","-93.06324","-34.2562"
"164.771","28.801069","21.71255","GALAXY","0.8350483","295.6118","89.86653"
"162.00593","27.661322","21.71357","GALAXY","0.8312679","-235.0746","-159.2828"
"162.3226","28.006445","21.71766","GALAXY","0.8074486","-173.2589","-84.53502"
"163.75028","28.827633","21.71818","GALAXY","0.8599092","100.3868","93.81203"
"161.90534","28.33144","21.71971","QSO","1.081835","-252.8106","-13.02792"
"163.85693","29.685515","21.72216","GALAXY","1.126277","119.9274","281.1171"
"162.91704","28.39183","21.72454","GALAXY","0.7685342","-58.6881","-1.184503"
"161.63947","28.685078","21.72539","GALAXY","0.9943521","-303.0481","64.6903"
"162.49405","29.403702","21.72629","GALAXY","0.7958393","-138.5097","219.6232"
"163.06374","28.129831","21.72734","GALAXY","0.8258415","-30.69982","-58.22412"
"162.15056","27.676276","21.72991","GALAXY","1.037119","-207.0644","-156.2385"
"161.78283","28.293667","21.73518","QSO","2.94229","-276.4747","-20.99314"
"162.88779","29.167082","21.73924","GALAXY","0.9633326","-63.88688","167.6366"
"163.13142","29.406026","21.73952","GALAXY","0.898855","-17.52983","219.6415"
"162.84376","27.124364","21.74857","GALAXY","0.6458237","-73.72121","-277.3915"
"163.8601","28.016182","21.74996","GALAXY","0.8026687","122.2736","-82.7181"
"164.55964","29.04941","21.75022","GALAXY","0.9186441","254.5295","143.4813"
"162.60858","28.856692","21.75093","GALAXY","0.8390323","-117.2971","100.2425"
"163.26343","27.317541","21.76074","GALAXY","0.927568","7.669969","-235.2712"
"163.71988","28.421482","21.76518","GALAXY","0.7936909","94.91238","5.381335"
"163.05704","27.840174","21.76578","GALAXY","0.04288251","-32.09105","-121.298"
"162.21494","28.347418","21.76984","QSO","6.56273","-193.3389","-10.11815"
"164.56412","28.495373","21.77069","GALAXY","0.8192128","256.6146","22.71493"
"164.49474","28.393236","21.77325","GALAXY","0.8926063","243.537","0.3188154"
"163.54242","28.576367","21.77339","GALAXY","0.7999915","60.85604","38.95568"
"164.11973","29.388252","21.77584","QSO","1.343403","170.1055","216.5013"
"161.96987","27.532028","21.77755","GALAXY","0.9441528","-242.4316","-187.4745"
"162.46667","29.248518","21.77759","GALAXY","1.272528","-143.8936","185.8075"
"163.6865","28.555868","21.77862","GALAXY","0.7988847","88.4132","34.59332"
"161.89418","28.467036","21.77984","GALAXY","1.195581","-254.6292","16.53678"
"162.75297","29.219055","21.78202","GALAXY","0.9389241","-89.48826","179.0674"
"164.2511","27.300823","21.78263","GALAXY","0.873603","199.0588","-238.3376"
"163.96975","28.166597","21.78268","GALAXY","0.8768334","143.1482","-49.85727"
"164.45286","28.697571","21.78368","GALAXY","0.8503561","234.8345","66.53289"
"164.413","27.631755","21.78464","GALAXY","0.8248688","229.6013","-165.7966"
"164.32824","29.328443","21.7864","GALAXY","0.8297393","209.8744","203.8561"
"162.84025","29.003428","21.78916","GALAXY","0.8239617","-73.02272","131.9967"
"163.06847","27.968895","21.79047","GALAXY","0.7113181","-29.84689","-93.25866"
"162.47665","28.509633","21.79465","GALAXY","0.9574303","-142.9085","24.82973"
"162.96955","29.505853","21.7976","GALAXY","0.9033144","-48.2051","241.4737"
"164.29272","27.786464","21.79808","GALAXY","0.8456789","205.9944","-132.237"
"163.64725","29.082178","21.79911","GALAXY","0.8484883","80.56866","149.185"
"163.84101","28.661349","21.80032","GALAXY","0.9718881","117.8661","57.69637"
"163.01466","29.658493","21.80216","GALAXY","0.7825029","-39.60686","274.802"
"162.86849","28.661259","21.80227","QSO","1.125489","-67.82296","57.45456"
"163.05107","27.290504","21.80671","GALAXY","0.9473626","-33.43908","-241.1509"
"162.7429","27.893776","21.80979","GALAXY","1.023161","-92.51394","-109.4894"
"162.5147","27.069765","21.81058","QSO","1.431369","-137.7275","-289.2281"
"162.21991","28.293338","21.81467","GALAXY","0.8342874","-192.4845","-21.90307"
"162.8717","28.920501","21.81601","GALAXY","0.8555988","-67.07576","113.9038"
"164.23223","28.403688","21.82018","GALAXY","0.8441279","193.1521","2.120846"
"163.30466","27.924626","21.82059","GALAXY","1.017765","15.54376","-102.9126"
"164.3883","27.736794","21.82673","GALAXY","0.8394798","224.5624","-142.9174"
"164.70977","28.773564","21.82779","GALAXY","0.1069469","283.9049","83.69689"
"163.32972","27.107316","21.83162","GALAXY","0.7754319","20.54893","-281.1931"
"163.43414","28.571245","21.83181","GALAXY","0.9690068","40.17","37.79099"
"164.26976","28.88684","21.83483","GALAXY","0.8174223","199.4649","107.4202"
"162.77052","29.089052","21.83652","GALAXY","0.7350029","-86.24429","150.7136"
"161.94808","29.160611","21.83672","GALAXY","0.7283813","-242.8291","167.6225"
"162.25984","27.713503","21.8382","GALAXY","0.8302908","-185.8833","-148.2784"
"163.49207","29.234998","21.83853","QSO","5.444546","50.97497","182.4017"
"161.90554","29.25035","21.83903","GALAXY","0.7507835","-250.8131","187.3507"
"164.55607","27.768789","21.84091","GALAXY","0.9908165","256.93","-135.6628"
"163.04666","27.875288","21.84234","GALAXY","0.3225789","-34.07489","-113.6445"
"161.59289","28.28842","21.84317","GALAXY","0.8518856","-313.1635","-21.68707"
"161.98279","28.401131","21.84435","GALAXY","0.73108","-237.775","1.996397"
"162.14952","27.607856","21.84452","GALAXY","1.036453","-207.4177","-171.1616"
"162.91828","28.179565","21.84461","GALAXY","0.9213288","-58.57653","-47.35661"
"163.47301","28.080429","21.8461","GALAXY","0.9480035","47.82728","-68.95503"
"163.45327","28.913132","21.84734","GALAXY","1.050668","43.70974","112.2248"
"162.61394","28.493919","21.84764","GALAXY","0.9780314","-116.6336","21.25402"
"163.11231","27.915685","21.84969","GALAXY","1.011521","-21.43584","-104.8554"
"164.17239","28.789127","21.85208","GALAXY","1.108543","181.0356","85.96857"
"164.024","28.481873","21.8592","GALAXY","0.853258","153.1072","18.84306"
"164.24762","27.483097","21.86127","QSO","1.36729","197.9334","-198.4757"
"163.20516","28.902081","21.86246","GALAXY","1.339431","-3.552041","109.767"
"162.46389","28.970504","21.86856","GALAXY","0.9312892","-144.7685","125.2163"
"162.94604","28.021142","21.87194","GALAXY","0.8270931","-53.34533","-81.84824"
"162.65826","29.209027","21.87323","GALAXY","0.8495451","-107.5041","176.9703"
"162.97311","29.665699","21.87458","GALAXY","0.8420323","-47.47391","276.3993"
"162.75073","29.196594","21.87591","QSO","2.128322","-89.93102","174.1727"
"163.55698","28.048616","21.87855","GALAXY","0.7376751","63.972","-75.84945"
"163.58069","28.230761","21.88053","GALAXY","0.9564589","68.39207","-36.19896"
"162.45098","29.219256","21.88124","GALAXY","0.8137012","-146.914","179.4489"
"162.9752","28.491194","21.88453","GALAXY","0.9678419","-47.51408","20.3983"
"163.96681","27.878451","21.88609","GALAXY","0.8199869","143.0051","-112.6174"
"164.39407","27.686517","21.88824","QSO","0.6368917","225.7997","-153.8749"
"161.83595","29.138749","21.8902","GALAXY","0.5919222","-264.3208","163.1533"
"162.60136","28.707228","21.8906","GALAXY","0.955443","-118.8222","67.69964"
"163.69155","28.47337","21.89708","GALAXY","0.8989543","89.44434","16.64795"
"164.70958","28.099986","21.89742","QSO","1.053294","285.6622","-63.13224"
"164.4084","29.012574","21.89773","GALAXY","0.8206218","225.6976","135.0923"
"164.47747","28.789227","21.90318","GALAXY","0.9605949","239.3484","86.55556"
"162.67696","29.553502","21.90331","GALAXY","0.7316912","-103.6572","252.1107"
"163.53311","28.639951","21.90339","GALAXY","0.8001255","59.04612","52.78492"
"163.87852","28.60754","21.90466","GALAXY","0.7557966","125.096","46.02363"
"162.94548","27.961627","21.90491","GALAXY","0.9513962","-53.48894","-94.80799"
"163.42284","28.010497","21.90553","GALAXY","0.8207912","38.22711","-84.19272"
"163.0244","27.294415","21.90585","GALAXY","1.113914","-38.6008","-240.2907"
"162.53629","29.290666","21.90627","GALAXY","0.8166093","-130.6089","194.9074"
"164.44025","28.845502","21.91089","GALAXY","0.8235021","232.1129","98.74076"
"162.44069","29.351416","21.91267","GALAXY","1.09727","-148.7076","208.2885"
"162.61733","28.584328","21.91272","GALAXY","0.9295703","-115.8916","40.92728"
"162.84382","29.750362","21.91813","QSO","1.801859","-71.92885","295.045"
"163.06099","28.26084","21.91846","GALAXY","0.7639245","-31.18324","-29.72374"
"162.96505","29.341254","21.91871","GALAXY","1.122997","-49.12536","205.5698"
"162.59865","29.232319","21.92202","GALAXY","0.7932102","-118.8162","182.1119"
"163.57714","28.290309","21.92268","GALAXY","0.6582183","67.67","-23.24662"
"162.26395","28.43973","21.92632","GALAXY","0.7526928","-183.7742","9.906739"
"164.22437","28.064996","21.92731","GALAXY","0.9245735","192.2727","-71.65366"
"162.64961","27.395935","21.9289","GALAXY","0.8239251","-111.0527","-217.9448"
"162.27531","28.802321","21.92993","GALAXY","1.434681","-180.9971","88.85573"
"162.72289","27.858188","21.93051","GALAXY","1.148009","-96.40315","-117.23"
"161.98437","28.834741","21.93078","GALAXY","0.9045819","-236.5303","96.46128"
"163.30283","28.267103","21.93282","GALAXY","0.8524842","15.13332","-28.37769"
"162.01335","28.04333","21.93366","GALAXY","0.8354512","-232.712","-76.00791"
"161.70419","28.134518","21.93466","GALAXY","0.8544825","-292.0992","-55.5083"
"162.22553","28.212067","21.93501","GALAXY","1.094667","-191.5556","-39.61084"
"164.27636","28.322822","21.93639","GALAXY","0.8385687","201.7707","-15.41812"
"164.4728","28.724103","21.93834","GALAXY","0.9109685","238.5941","72.35494"
"163.62085","28.682989","21.9394","GALAXY","0.7825587","75.77946","62.20759"
"162.20347","29.080018","21.93949","GALAXY","0.8514755","-194.244","149.4891"
"162.38616","29.202135","21.9413","GALAXY","0.9503321","-159.2682","175.8096"
"163.4095","28.245916","21.94187","GALAXY","0.9762653","35.57163","-32.96647"
"163.22358","27.598425","21.94772","GALAXY","0.8506933","-0.04269055","-174.0154"
"161.95589","27.655284","21.94858","QSO","2.531807","-244.7843","-160.5242"
"164.49621","28.589209","21.94933","GALAXY","0.8827286","243.3737","43.01408"
"164.03968","27.954227","21.95116","QSO","1.052825","156.9216","-96.02883"
"163.14993","27.964878","21.95454","GALAXY","0.8234316","-14.19473","-94.1453"
"163.78836","27.686319","21.95462","GALAXY","0.9811089","108.8587","-154.6462"
"163.11766","27.633899","21.95572","GALAXY","0.7713988","-20.47284","-166.2729"
"163.03027","27.004749","21.95799","GALAXY","0.6937384","-37.59624","-303.6654"
"164.87109","28.380727","21.95895","GALAXY","1.552013","316.0526","-1.536937"
"163.31492","29.732403","21.95978","GALAXY","0.9792798","17.24575","290.944"
"162.53059","29.037345","21.96136","GALAXY","0.7554806","-131.9778","139.695"
"162.87806","28.043816","21.96474","GALAXY","0.8424606","-66.38978","-76.88419"
"161.91509","28.077883","21.96479","GALAXY","0.8599828","-251.5568","-68.29302"
"162.88127","29.188853","21.96488","GALAXY","0.8104652","-65.11521","172.387"
"164.61888","28.586394","21.96974","GALAXY","1.057234","266.9056","42.67035"
"163.02666","27.908029","21.97046","GALAXY","0.7681697","-37.90819","-106.5068"
"164.25037","28.262043","21.97105","QSO","1.324073","196.8968","-28.69681"
"164.3127","28.588458","21.9726","QSO","0.8631406","208.2267","42.49691"
"162.26046","28.138797","21.97388","GALAXY","0.8135197","-184.9769","-55.62073"
"164.22604","28.862238","21.9753","GALAXY","0.846499","191.1606","101.9841"
"163.71445","27.840081","21.97551","GALAXY","0.9038535","94.44516","-121.189"
"163.21556","29.65876","21.97783","GALAXY","1.067357","-1.561738","274.8131"
"163.67313","29.363793","21.97866","GALAXY","1.075409","85.29419","210.6024"
"163.34018","27.975557","21.98176","GALAXY","0.9795988","22.35913","-91.81619"
"163.14627","28.203368","21.98186","GALAXY","0.9349447","-14.85812","-42.2388"
"162.00895","29.111752","21.98509","GALAXY","0.8129357","-231.2899","156.8085"
"162.07975","29.080628","21.9851","GALAXY","0.8635477","-217.8342","149.8631"
"164.60846","29.060485","21.98666","QSO","2.03279","263.8539","146.0289"
"162.42394","27.789906","21.98807","GALAXY","0.8002052","-154.0961","-131.8366"
"162.36032","28.060195","21.98904","GALAXY","0.8088596","-165.9101","-72.8771"
"164.50973","28.608465","21.98932","GALAXY","0.7834315","245.9214","47.23769"
"161.85105","27.817225","21.99026","GALAXY","0","-264.6273","-125.0041"
"162.06394","27.579459","21.99117","GALAXY","0.8393911","-224.0529","-177.2392"
"163.82666","28.298607","21.99163","GALAXY","0.8377826","115.5042","-21.26428"
"163.05125","27.709692","21.99206","GALAXY","0.2889856","-33.25478","-149.7368"
"162.98515","27.823788","21.9963","GALAXY","0.9480732","-45.93591","-124.8507"
"163.84163","29.435604","21.99862","GALAXY","0.8074238","117.223","226.4339"
"163.70411","29.153985","21.99993","GALAXY","0.9001607","91.33744","164.884"
"163.25158","29.833618","22.00016","GALAXY","0.8955904","5.25422","313.1538"
"163.6703","29.45929","22.00118","GALAXY","1.050367","84.68988","231.433"
"162.74319","29.122727","22.00126","GALAXY","0.8242233","-91.42082","158.0773"
"163.12098","28.380127","22.00194","GALAXY","0.830386","-19.66928","-3.796553"
"162.25372","28.291993","22.00302","GALAXY","0.8166294","-185.996","-22.24827"
"163.38977","27.169312","22.00452","GALAXY","1.356784","32.17479","-267.6235"
"164.43913","28.94452","22.00798","GALAXY","0.6675228","231.699","120.3206"
"164.72669","28.043826","22.01183","GALAXY","0","289.1396","-75.34258"
"162.74542","29.501947","22.01276","GALAXY","1.12499","-90.7104","240.7787"
"163.3326","27.591741","22.01604","GALAXY","1.096857","20.99511","-175.4659"
"163.50319","27.987829","22.02007","GALAXY","1.308584","53.67724","-89.10535"
"162.7447","29.392206","22.02173","GALAXY","0.8176728","-90.92774","216.8312"
"161.78654","27.684566","22.02581","GALAXY","0.8883306","-277.5645","-153.8657"
"162.7117","29.718268","22.02765","GALAXY","0.8701758","-96.96943","288.1449"
"163.0655","28.816773","22.02829","GALAXY","0.7674326","-30.17527","91.21132"
"162.90779","28.917273","22.02869","GALAXY","0.6888015","-60.19997","113.1769"
"163.20749","29.093282","22.02941","GALAXY","1.084708","-3.103923","151.4387"
"163.00133","26.921644","22.03165","GALAXY","0.8283505","-43.27343","-321.9449"
"163.2654","27.159233","22.03543","GALAXY","0.7491067","8.065695","-269.8407"
"162.98823","27.736367","22.03617","GALAXY","0.7884803","-45.38795","-143.9055"
"161.81096","28.360327","22.03621","GALAXY","0.7682531","-270.8848","-6.530149"
"163.36496","27.220334","22.03774","GALAXY","1.008691","27.34892","-256.4791"
"162.67594","29.75244","22.03899","QSO","1.169399","-103.7301","295.6949"
"163.22139","29.260524","22.04087","GALAXY","0.5383817","-0.459276","187.9028"
"163.10926","28.54452","22.04169","GALAXY","0.79567","-21.87926","31.9526"
"163.69866","28.938578","22.04366","GALAXY","0.8017057","90.45821","117.9333"
"162.58485","27.358805","22.04403","GALAXY","0.7606967","-123.6336","-225.9961"
"161.87791","28.209933","22.04415","GALAXY","0.7147455","-258.3855","-39.44417"
"164.74216","28.269605","22.04492","QSO","1.526694","291.4623","-26.08191"
"161.86413","28.231074","22.04663","QSO","1.151574","-260.9845","-34.809"
"163.75955","28.460151","22.04698","GALAXY","0.8397487","102.474","13.82771"
"161.96938","28.053549","22.05245","QSO","4.183743","-241.1568","-73.69981"
"162.68363","28.663254","22.05682","GALAXY","0.9529867","-103.1399","58.03996"
"162.23605","29.018621","22.05823","GALAXY","0.7878819","-188.1353","136.0491"
"162.64533","28.881495","22.0584","GALAXY","0.9185627","-110.2627","105.6053"
"162.23248","29.224548","22.06306","GALAXY","0.903062","-188.4859","180.954"
"162.24143","27.848392","22.06326","GALAXY","1.261365","-189.1788","-118.8553"
"162.6673","29.410571","22.0635","GALAXY","0.8543915","-105.6057","220.9118"
"161.99538","28.499756","22.0652","GALAXY","0.8943012","-235.1412","23.45501"
"163.16245","29.766133","22.0682","GALAXY","0.7131981","-11.61135","298.3355"
"163.30147","27.05026","22.06976","GALAXY","0.8000175","15.07957","-293.6936"
"163.48063","28.524061","22.07042","GALAXY","0.7603795","49.0712","27.54672"
"164.52306","28.308949","22.07109","GALAXY","0.9948348","249.174","-17.98562"
"163.24236","29.261445","22.07269","GALAXY","0.7138761","3.524372","188.1038"
"164.04706","27.214181","22.07396","QSO","1.850022","159.6196","-257.4821"
"163.55402","28.297256","22.07401","GALAXY","0.7945768","63.23515","-21.74701"
"162.97208","26.966874","22.07411","GALAXY","0.8296657","-48.9299","-311.982"
"163.15844","29.219496","22.07469","GALAXY","0.7367923","-12.42204","178.9611"
"162.62104","29.166378","22.07577","GALAXY","0.8899104","-114.6235","167.7125"
"164.33102","28.450531","22.08512","GALAXY","0.9188616","212.0066","12.48885"
"164.36147","28.619314","22.08615","GALAXY","0.7813391","217.5033","49.30654"
"163.34289","29.614784","22.08689","GALAXY","0.9354708","22.55742","265.2119"
"162.50648","27.64519","22.09189","GALAXY","0.7934696","-138.3895","-163.4651"
"162.01912","28.536499","22.09404","GALAXY","0.9162939","-230.5111","31.41181"
"163.23691","29.373514","22.09729","GALAXY","0.7817011","2.486748","212.5424"
"164.60335","28.83115","22.09843","GALAXY","1.311376","263.3559","95.98149"
"162.86938","27.907614","22.10096","GALAXY","0.9984444","-68.16146","-106.5429"
"162.55552","27.333961","22.10201","QSO","0.9469416","-129.3483","-231.3964"
"163.53679","28.412107","22.10428","GALAXY","0.7836949","59.86698","3.224179"
"162.35236","28.475554","22.10563","GALAXY","0.818196","-166.7696","17.5759"
"164.57625","28.927351","22.10645","GALAXY","0.896732","257.9565","116.893"
"162.96374","28.302558","22.10693","GALAXY","0.7461663","-49.79361","-20.62022"
"162.68581","29.121773","22.10966","GALAXY","0.2766962","-102.3404","157.9229"
"164.67036","28.757019","22.11537","GALAXY","0.8127671","276.3765","79.98611"
"162.92646","28.216721","22.11539","GALAXY","0.7664346","-56.98504","-39.2762"
"163.04942","27.634944","22.11557","GALAXY","0.7993357","-33.63533","-166.0323"
"162.63812","27.66513","22.11714","GALAXY","0.7368366","-112.9584","-159.2397"
"164.77018","28.555988","22.12092","GALAXY","0.80404","296.0726","36.4148"
"163.15769","27.323222","22.12311","QSO","0.8410501","-12.79358","-234.0291"
"163.67141","28.952353","22.12411","QSO","1.193077","85.25533","120.9113"
"162.05483","27.994152","22.12597","GALAXY","0.7211569","-224.8342","-86.79725"
"161.90851","29.033927","22.13095","QSO","1.828031","-250.6299","140.0687"
"162.94492","28.374315","22.13181","GALAXY","0.8338907","-53.36083","-5.006676"
"162.35718","28.798749","22.13215","GALAXY","0.8140664","-165.3639","87.95034"
"163.049","28.115799","22.1344","GALAXY","0.7988425","-33.53255","-61.27435"
"162.71941","29.03323","22.13494","GALAXY","0.7956464","-96.01624","138.5927"
"164.74644","28.504821","22.13697","GALAXY","0.828535","291.6364","25.19974"
"164.60996","29.03306","22.13752","GALAXY","0.8429064","264.1948","140.0453"
"162.38331","28.452466","22.13803","GALAXY","0.8686997","-160.873","12.50603"
"163.10313","27.200089","22.13995","GALAXY","0.9223547","-23.38361","-260.9029"
"163.77087","28.702762","22.14133","GALAXY","0.8479884","104.4221","66.64003"
"162.70799","28.585563","22.14285","GALAXY","1.176904","-98.54871","41.10719"
"163.66321","27.391466","22.14764","GALAXY","0.782292","84.98312","-219.0184"
"162.85967","29.655942","22.14777","GALAXY","1.300275","-68.96489","274.3396"
"162.37977","28.874575","22.15521","GALAXY","0.8016927","-160.942","104.4346"
"162.65371","29.327415","22.15941","GALAXY","0.8536298","-108.2605","202.7874"
"162.65112","27.901717","22.16059","GALAXY","0.6978295","-110.1734","-107.6946"
"164.1372","27.711912","22.16086","GALAXY","0.7950208","176.1276","-148.7063"
"161.96138","29.185461","22.16235","QSO","1.888235","-240.2447","173.0158"
"162.30443","28.289741","22.16316","GALAXY","0.8339621","-176.2646","-22.81355"
"162.56886","29.018913","22.16557","GALAXY","0.7412199","-124.7069","135.6321"
"164.4273","29.029701","22.16662","QSO","1.562397","229.2738","138.8676"
"164.36049","28.247782","22.1687","GALAXY","0.7982821","218.0766","-31.61823"
"163.78461","28.138058","22.1695","QSO","5.287048","107.6145","-56.24319"
"164.70675","28.749928","22.17046","GALAXY","0.941943","283.381","78.53439"
"163.25183","28.051959","22.17091","GALAXY","0.5614792","5.379643","-75.189"
"163.023","28.691036","22.17258","GALAXY","0.8774658","-38.31369","63.85382"
"163.25985","27.968755","22.17274","GALAXY","0.8398255","6.925858","-93.30426"
"163.45522","28.220064","22.17305","GALAXY","0.7409055","44.34423","-38.57679"
"164.10828","28.256261","22.17383","GALAXY","1.273966","169.6202","-30.16498"
"164.42179","28.371005","22.17386","GALAXY","0.8248811","229.5842","-4.666316"
"161.80641","29.168975","22.17566","GALAXY","0.8380823","-269.9296","169.8497"
"163.30315","29.006375","22.18085","GALAXY","0.8242332","15.10236","132.4994"
"163.03747","28.896134","22.18179","GALAXY","0.8392341","-35.49819","108.5067"
"163.50457","27.851806","22.18252","GALAXY","0.9514416","54.02654","-118.7355"
"164.37655","27.85405","22.18721","GALAXY","0.8488486","222.0216","-117.3725"
"162.71806","27.909353","22.18859","GALAXY","0.8094508","-97.27903","-106.0797"
"161.92077","27.925387","22.18955","GALAXY","0.7187762","-250.8497","-101.5415"
"163.87596","29.253855","22.19398","GALAXY","0.7832819","123.9266","186.8291"
"161.77502","28.095962","22.19451","GALAXY","1.032845","-278.5255","-64.06737"
"164.65348","29.10026","22.19492","GALAXY","0.956104","272.4066","154.8458"
"163.78464","28.073669","22.20195","GALAXY","0.8484374","107.6937","-70.26132"
"164.19698","29.451334","22.20292","GALAXY","0.4473924","184.7206","230.439"
"163.6846","28.754817","22.20528","GALAXY","0.8686284","87.90521","77.89471"
"163.1608","27.348584","22.20553","QSO","0.3938461","-12.18849","-228.4964"
"162.26424","27.954555","22.21032","GALAXY","0.9228415","-184.5862","-95.75787"
"164.17758","27.556794","22.21386","GALAXY","0.8446476","184.2198","-182.4768"
"163.32962","28.54467","22.2167","GALAXY","0.7572822","20.21108","31.98198"
"161.63356","28.065713","22.21676","GALAXY","1.134696","-305.993","-70.36015"
"163.41664","27.984761","22.22057","GALAXY","0.8205433","37.04708","-89.79807"
"164.39804","28.976742","22.22108","GALAXY","0.9090777","223.788","127.2585"
"164.46664","28.121002","22.22257","GALAXY","0.3578351","238.7673","-59.04219"
"164.59505","28.785833","22.22326","GALAXY","1.118151","261.8673","86.08169"
"163.30199","29.753876","22.22766","GALAXY","0.8661627","14.79657","295.6489"
"163.50202","28.980069","22.2286","GALAXY","1.015082","52.97173","126.8345"
"164.00208","27.68692","22.2294","GALAXY","0.791244","150.0932","-154.3156"
"162.08427","27.446955","22.23246","GALAXY","0.7932464","-220.4629","-206.2202"
"164.4652","28.998973","22.23588","GALAXY","0.8955985","236.5724","132.2506"
"162.52043","29.012039","22.23739","GALAXY","0.7567042","-133.9422","134.1932"
"162.28957","27.634674","22.23949","GALAXY","0.8366247","-180.2909","-165.5036"
"163.37553","29.570443","22.23952","GALAXY","0.8052461","28.75001","255.5329"
"163.85615","29.553417","22.24109","GALAXY","0.9066901","119.8745","252.1877"
"163.91337","27.626872","22.24525","GALAXY","0.8923683","133.058","-167.4953"
"164.4869","29.019546","22.24584","GALAXY","0.8970377","240.6787","136.7872"
"163.82858","28.167805","22.24589","GALAXY","0.7913703","116.0258","-49.73175"
"163.83204","28.4777","22.24634","GALAXY","0.9685149","116.3384","17.71422"
"162.78041","29.316985","22.2491","GALAXY","0.7498968","-84.20232","200.3963"
"161.8328","27.764253","22.25201","QSO","0.5666236","-268.3229","-136.5339"
"162.21008","28.252481","22.25334","GALAXY","1.252156","-194.4481","-30.78527"
"163.18753","27.332836","22.26205","QSO","5.346748","-7.018153","-231.9339"
"163.38338","27.014281","22.26555","GALAXY","0.5160176","30.99769","-301.5793"
"163.55251","29.543586","22.26761","GALAXY","0.8123898","62.30252","249.7488"
"163.05657","28.242345","22.26894","GALAXY","0.8246577","-32.03612","-33.74525"
"163.02675","28.085969","22.27159","QSO","0.07289362","-37.8141","-67.76093"
"164.39328","28.25369","22.27283","GALAXY","0.8306178","224.3635","-30.27269"
"164.16786","27.437621","22.27767","GALAXY","0.9385737","182.5815","-208.5007"
"161.98318","27.671995","22.27914","GALAXY","0.7802302","-239.4513","-156.9182"
"164.16504","29.23711","22.28","GALAXY","0.8429361","178.9314","183.5914"
"164.2814","27.896456","22.28058","GALAXY","0.9451568","203.5842","-108.284"
"162.17961","27.814515","22.28901","GALAXY","0.7680297","-201.1655","-126.1459"
"162.13731","28.339164","22.29113","GALAXY","0.9678608","-208.2523","-11.78689"
"162.07341","28.397621","22.29496","GALAXY","1.427607","-220.3949","1.05867"
"163.36823","29.326653","22.29501","GALAXY","0.9357271","27.42139","202.341"
"163.26749","28.879906","22.2951","GALAXY","0.7783136","8.322255","104.9374"
"164.29672","28.305825","22.29531","GALAXY","0.9830912","205.7121","-19.08601"
"163.80014","29.42254","22.29578","GALAXY","0.8048469","109.3589","223.5365"
"163.08017","29.616437","22.30026","GALAXY","0.7698808","-27.2085","265.5815"
"162.81097","29.531806","22.30112","GALAXY","0.9255162","-78.25982","247.2419"
"164.53259","27.642021","22.30183","GALAXY","0.8268583","252.7507","-163.3773"
"163.57803","28.764091","22.30205","GALAXY","0.9468288","67.55936","79.8332"
"163.90846","28.354005","22.30232","GALAXY","0.7889771","131.1283","-9.127144"
"163.50798","29.045252","22.30604","GALAXY","0.7942528","54.08","141.0443"
"164.36062","28.718366","22.30698","GALAXY","0.7020069","217.1436","70.88203"
"162.83181","28.628066","22.30848","GALAXY","1.248421","-74.84901","50.25622"
"162.40326","28.957904","22.31027","GALAXY","0.8856226","-156.3453","122.5552"
"162.88581","28.151147","22.31052","GALAXY","0.9349267","-64.82469","-53.52588"
"163.58776","28.736322","22.31357","GALAXY","0.7919644","69.43107","73.79399"
"164.63673","27.985017","22.31358","GALAXY","0.8951505","271.9159","-88.3496"
"162.79338","28.888721","22.32435","GALAXY","0.8783908","-82.0228","107.0393"
"164.44056","29.329323","22.32439","GALAXY","0.9647245","231.297","204.3266"
"161.98851","28.045313","22.32647","GALAXY","1.136922","-237.4915","-75.53016"
"161.66528","28.279947","22.32748","GALAXY","0.7244521","-299.1874","-23.71126"
"162.67306","29.631635","22.32783","GALAXY","0.116507","-104.3423","269.2059"
"162.71817","28.254896","22.32839","GALAXY","0.8422218","-96.90028","-30.84894"
"163.75654","28.127326","22.32981","GALAXY","0.01147401","102.2343","-58.60059"
"162.67755","27.347064","22.3319","GALAXY","0.7345793","-105.7024","-228.6298"
"164.7715","28.663343","22.33201","GALAXY","0.8173965","296.0471","59.82627"
"164.4537","29.116848","22.33929","GALAXY","0.6925773","234.1528","157.9386"
"163.25268","28.377497","22.34034","GALAXY","0.822501","5.523172","-4.37687"
"162.18772","28.420967","22.34274","GALAXY","0.8076794","-198.4242","5.943156"
"164.6435","28.789089","22.34284","QSO","1.044922","271.1482","86.91045"
"162.96885","28.869894","22.3432","GALAXY","1.009107","-48.58258","102.8207"
"163.24491","29.320926","22.34389","GALAXY","0.7574853","4.00684","201.0744"
"164.73362","28.620757","22.34484","GALAXY","0.8181084","288.866","50.44059"
"162.83689","28.303205","22.34713","GALAXY","1.080156","-74.09606","-20.41775"
"163.35928","28.334961","22.34875","GALAXY","0.7823449","25.92658","-13.61306"
"163.99255","28.495772","22.35028","QSO","1.02781","147.0625","21.82868"
"162.98157","27.799238","22.35113","GALAXY","1.010139","-46.63817","-130.1999"
"162.91505","29.328375","22.35209","GALAXY","0.7385823","-58.62512","202.7874"
"161.68591","28.121929","22.35239","GALAXY","0.79691","-295.6729","-58.21305"
"163.35262","28.665974","22.35254","GALAXY","0.8789101","24.58068","58.37514"
"162.71948","27.940246","22.35859","GALAXY","0.8061003","-96.97299","-99.3509"
"163.26285","27.357652","22.35876","GALAXY","0.7633469","7.554439","-226.5207"
"163.37418","27.399938","22.36444","GALAXY","1.259466","29.07874","-217.284"
"162.94088","29.047888","22.36886","GALAXY","0.7569197","-53.84188","141.6222"
"164.12542","28.405324","22.36899","GALAXY","1.362378","172.6651","2.315276"
"163.02661","29.51796","22.36917","GALAXY","0.9660758","-37.38281","244.0916"
"164.39223","28.589873","22.3716","GALAXY","0.7084525","223.453","42.95145"
"162.91628","29.367514","22.37532","GALAXY","0.9667587","-58.37237","211.3219"
"161.79267","28.145707","22.37721","GALAXY","0.9980091","-274.9796","-53.26126"
"162.91673","29.06022","22.38092","GALAXY","0.9296954","-58.43305","144.324"
"163.53238","28.718116","22.38242","GALAXY","0.7915716","58.87022","69.79613"
"163.66765","27.691527","22.38291","GALAXY","0.8614918","85.57073","-153.5927"
"162.57863","29.047183","22.38548","GALAXY","0","-122.8162","141.7813"
"162.93156","27.981866","22.38664","GALAXY","0.9803268","-56.15205","-90.39529"
"164.18738","29.502839","22.39357","GALAXY","0.7881812","182.8367","241.6914"
"164.35392","28.503885","22.39885","GALAXY","0.8230939","216.2893","24.15051"
"163.1002","28.923309","22.40273","QSO","0.8866502","-23.54239","114.4076"
"164.22617","29.557408","22.40338","GALAXY","0","190.1639","253.7404"
"164.0507","29.080526","22.41038","GALAXY","0.8465897","157.3876","149.2737"
"163.42484","28.384121","22.41076","GALAXY","0.8281882","38.45734","-2.906831"
"162.61037","29.474289","22.4172","GALAXY","0.7662757","-116.3551","234.8829"
"162.06993","28.486442","22.41809","GALAXY","0.9052305","-220.8781","20.41106"
"163.24606","28.862049","22.42019","GALAXY","0.9605089","4.240036","101.0464"
"162.56068","29.098579","22.42338","GALAXY","1.0415","-126.1801","153.0034"
"163.49239","27.550335","22.42569","GALAXY","1.169918","51.85559","-184.4552"
"163.60598","28.008687","22.42749","GALAXY","0.8110143","73.41791","-84.52111"
"162.85409","28.911559","22.42754","GALAXY","0.838441","-70.43652","111.968"
"162.20251","28.591069","22.43544","GALAXY","0.9377828","-195.279","42.96335"
"162.0888","27.33031","22.43549","GALAXY","0.9420424","-219.9211","-231.7647"
"164.42583","28.538427","22.44055","GALAXY","0.727554","229.9979","31.80976"
"163.04427","29.537039","22.44173","GALAXY","0.8491778","-34.02968","248.25"
"162.40011","28.547553","22.44283","GALAXY","0.819292","-157.5152","33.18526"
"164.55054","28.27782","22.45399","GALAXY","0.8608255","254.5321","-24.71127"
"164.56201","27.883307","22.4546","GALAXY","0.8035702","257.7583","-110.6706"
"164.53274","28.639931","22.45809","GALAXY","0.8535141","250.2596","54.14278"
"162.56846","28.808398","22.46029","GALAXY","0.8885634","-125.0034","89.76942"
"163.19487","28.007198","22.46074","GALAXY","0.8178305","-5.556849","-84.93313"
"163.36174","28.384517","22.4614","GALAXY","0.9645966","26.38466","-2.837079"
"162.64012","29.304212","22.46252","GALAXY","0.8501007","-110.8639","197.7418"
"161.64361","27.882933","22.46254","QSO","1.20045","-304.6671","-110.2793"
"162.72759","27.66081","22.46821","GALAXY","0.8254645","-95.70077","-160.2483"
"162.60242","27.932876","22.469","GALAXY","0.835049","-119.5103","-100.867"
"163.53224","28.027373","22.47055","GALAXY","0.8364465","59.23397","-80.48435"
"162.91643","27.922425","22.47129","GALAXY","0.975443","-59.10002","-103.3361"
"163.00591","29.295862","22.4714","GALAXY","1.018394","-41.38326","195.6536"
"163.04942","29.063065","22.47349","GALAXY","0.9733455","-33.18068","144.8818"
"164.64196","28.455747","22.47479","GALAXY","0.8282017","271.6631","14.25429"
"161.67916","27.972841","22.48153","QSO","1.799288","-297.4529","-90.72076"
"163.20508","28.697023","22.48204","GALAXY","0.8621097","-3.572554","65.11732"
"163.57813","27.626857","22.48997","GALAXY","0","68.35561","-167.7368"
"163.51934","28.523566","22.49508","GALAXY","1.009862","56.47098","27.45735"
"164.39413","28.229836","22.49603","GALAXY","0.9748901","224.5783","-35.46711"
"161.55517","28.623088","22.49849","GALAXY","0.8951145","-319.4847","51.41196"
"162.46779","28.330915","22.50207","GALAXY","0.9535282","-144.8479","-14.06293"
"163.66673","29.062027","22.50501","QSO","1.164955","84.29008","144.8084"
"163.37379","26.992756","22.50969","GALAXY","0.779099","29.14376","-306.3073"
"162.59821","28.77108","22.51362","GALAXY","0.7898867","-119.3605","81.60746"
"164.51806","27.917395","22.51716","GALAXY","0.8220523","249.1774","-103.3183"
"163.12908","28.238711","22.5177","GALAXY","0.9476463","-18.14556","-34.54932"
"162.81168","28.92783","22.52916","GALAXY","0.8559416","-78.51012","115.5451"
"163.55224","28.866682","22.53467","GALAXY","0.7928713","62.58968","102.1587"
"162.8643","29.713884","22.53631","GALAXY","0.8037787","-68.0639","287.0263"
"163.37397","28.814262","22.55279","GALAXY","0.8119023","28.62326","90.65991"
"162.66414","29.151249","22.56174","GALAXY","1.047785","-106.438","164.3695"
"162.75512","28.69201","22.56544","GALAXY","0.8074415","-89.45719","64.23405"
"164.10295","28.537997","22.56709","GALAXY","1.027509","168.1485","31.17066"
"163.96826","28.847605","22.56836","GALAXY","0.6674864","141.9701","98.41039"
"162.595","27.980244","22.57001","GALAXY","1.134645","-120.878","-90.54288"
"163.17492","28.328615","22.57913","GALAXY","0.8353583","-9.355666","-15.0036"
"163.4809","28.11721","22.58012","GALAXY","1.154672","49.32178","-60.94734"
"163.86272","27.985714","22.58668","GALAXY","0.8644274","122.817","-89.35158"
"162.35198","27.359442","22.59328","GALAXY","0.8434501","-168.7419","-225.6441"
"163.76728","29.052096","22.59798","QSO","6.547149","103.4423","142.7345"
"163.95282","28.690266","22.60364","GALAXY","0.7891105","139.2109","64.12337"
"162.33701","28.211392","22.61386","GALAXY","1.00408","-170.1395","-39.91957"
"162.40826","27.312588","22.62236","GALAXY","0.8117235","-157.9218","-235.939"
"162.69604","28.815438","22.62769","GALAXY","0.782936","-100.6434","91.16452"
"162.96059","28.942443","22.62884","GALAXY","1.062864","-50.13004","118.631"
"163.05677","27.446167","22.63342","GALAXY","0.8377585","-32.28261","-207.1962"
"164.41303","27.856574","22.63491","GALAXY","0.8027173","229.0547","-116.7614"
"163.16315","27.226674","22.63802","GALAXY","1.131394","-11.74907","-255.1029"
"163.74574","28.101958","22.64339","GALAXY","1.203053","100.1868","-64.13084"
"162.87492","29.402397","22.64713","QSO","1.390289","-66.20454","218.9548"
"164.085","27.191274","22.64963","GALAXY","0.8278846","167.0437","-262.4781"
"163.36954","28.792811","22.65117","GALAXY","0.7288542","27.78316","85.98772"
"163.13976","28.363971","22.65185","GALAXY","0.8328086","-16.07921","-7.312223"
"162.85135","28.125544","22.65515","QSO","1.603513","-71.45733","-59.08109"
"163.92856","29.566194","22.67393","GALAXY","1.026138","133.6033","255.0846"
"163.67503","28.83486","22.6776","GALAXY","0.8109828","86.02413","95.31789"
"163.806","29.056062","22.67775","GALAXY","1.017395","110.8122","143.6382"
"163.3751","27.649978","22.68038","GALAXY","0.7841933","29.17795","-162.7617"
"163.77439","29.437436","22.68299","GALAXY","0.9003966","104.4584","226.7602"
"164.75835","28.847506","22.68312","GALAXY","0.8978639","293.0698","99.96303"
"164.04605","29.642246","22.68613","GALAXY","0.8724459","155.8475","271.9551"
"163.08917","27.926973","22.68831","GALAXY","1.115522","-25.88165","-102.393"
"163.18421","28.501831","22.69017","GALAXY","0.8269072","-7.565681","22.6584"
"164.57857","28.067676","22.69138","GALAXY","1.083846","260.4617","-70.44539"
"163.25005","28.109173","22.69234","GALAXY","0.7523485","5.03462","-62.73663"
"162.68999","27.908049","22.70008","QSO","0.8074394","-102.6834","-106.3443"
"163.38245","28.027296","22.70588","GALAXY","0.811255","30.46295","-80.54387"
"163.18239","29.271208","22.70783","GALAXY","0.7945485","-7.867435","190.2344"
"163.40166","28.551195","22.71187","GALAXY","0.8564008","33.97136","33.4188"
"164.28888","29.078521","22.72649","GALAXY","0.8450863","202.7752","149.2311"
"164.28893","28.780817","22.74053","GALAXY","0.9833257","203.3183","84.35537"
"164.6586","28.072398","22.74278","GALAXY","1.016845","275.8928","-69.25394"
"162.29041","27.318501","22.7431","GALAXY","0.7024093","-180.7722","-234.5376"
"163.56375","29.18348","22.74319","GALAXY","0.846946","64.62471","171.2092"
"164.67705","28.800117","22.74344","GALAXY","0.8118551","277.5598","89.40121"
"164.48345","29.077287","22.74391","GALAXY","0.8984292","239.9087","149.376"
"164.62811","28.995687","22.75759","GALAXY","0.9076691","267.7472","131.9367"
"163.63775","29.132185","22.77341","GALAXY","0.8273772","78.72868","160.078"
"162.3268","29.318019","22.77766","QSO","1.790925","-170.4026","201.1816"
"163.03463","29.446704","22.78407","GALAXY","1.023816","-35.88331","228.5401"
"162.82919","28.420414","22.78958","GALAXY","1.339874","-75.4864","5.082402"
"162.22564","28.234695","22.79101","GALAXY","0.8079587","-191.4925","-34.68305"
"163.07127","28.040335","22.79137","GALAXY","0.9508507","-29.28489","-77.70423"
"163.24512","29.164094","22.79836","GALAXY","0.9130307","4.051834","166.8772"
"164.05955","29.495165","22.80639","GALAXY","0.7638804","158.544","239.7612"
"163.42668","28.218068","22.81217","GALAXY","0.5165204","38.87484","-39.01931"
"163.49528","28.54917","22.81397","GALAXY","0.8635879","51.86036","33.01495"
"163.33627","28.522854","22.81869","GALAXY","0.7994175","21.48533","27.23869"
"164.1407","29.067868","22.83624","GALAXY","0.8153446","174.5512","146.6514"
"162.92517","29.170943","22.83829","GALAXY","0.8217466","-56.77702","168.456"
"163.1266","27.952892","22.84998","GALAXY","0.9751179","-18.68029","-96.75311"
"161.74947","28.395511","22.85055","GALAXY","0.7461857","-282.6266","1.278382"
"161.66267","27.833259","22.85318","GALAXY","0.8208926","-301.1368","-121.1656"
"162.47968","28.367627","22.85641","GALAXY","0.8333186","-142.5165","-6.085524"
"164.82964","28.737515","22.85655","GALAXY","0.7643664","307.062","76.1703"
"163.26195","27.915502","22.85704","GALAXY","0.8693993","7.333958","-104.9028"
"161.72072","28.354243","22.87264","GALAXY","0.8047342","-288.2773","-7.647857"
"163.46041","27.116886","22.89187","GALAXY","0.7392992","45.89924","-279.0767"
"163.36804","28.623169","22.89324","GALAXY","0.8593172","27.53271","49.06557"
"163.29138","28.533274","22.90142","GALAXY","0.9679285","12.90797","29.49797"
"162.13779","28.140224","22.91721","QSO","1.23382","-208.5588","-55.1174"
"163.69546","28.721999","22.92128","QSO","6.700045","90.00217","70.75866"
"161.7942","28.452785","22.9479","GALAXY","0.6027319","-273.8706","13.65514"
"162.85974","28.18769","22.95069","GALAXY","0.9814149","-69.80032","-45.5614"
"163.36437","27.746804","22.96926","GALAXY","1.003091","27.07896","-141.6552"
"162.89691","29.04837","22.98132","GALAXY","0.7366524","-62.21111","141.7531"
"161.95473","28.187814","22.99362","GALAXY","0.8201255","-243.6576","-44.41803"
"164.08226","28.77666","23.02388","GALAXY","0.8815464","163.8351","83.11486"
"163.14278","29.740542","23.03259","GALAXY","0.9349252","-15.33595","292.7271"
"164.26718","29.19475","23.03768","GALAXY","0.9904576","198.4457","174.5376"
"163.22551","28.809791","23.04162","GALAXY","0.8931961","0.3245799","89.6652"
"163.25469","27.13283","23.04938","GALAXY","0.721764","5.991229","-275.615"
"163.78517","29.52594","23.05523","GALAXY","0.8380786","106.4316","246.0963"
"162.48364","29.219921","23.05629","STAR","-0.000356396","-140.701","179.5496"
"163.45066","28.371861","23.12773","GALAXY","1.169447","43.40315","-5.564375"
"162.54446","27.545674","23.13186","GALAXY","0.3892244","-131.1929","-185.1968"
"162.93989","28.108303","23.15632","GALAXY","1.200589","-54.47392","-62.87253"
"162.61326","29.605432","23.1839","GALAXY","0.8165277","-115.6995","263.5464"
"163.77411","29.490543","23.20472","GALAXY","0.8764364","104.3615","238.3529"
"163.38127","28.431343","23.25048","GALAXY","0.8449016","30.10775","7.349209"
"163.84203","28.908396","23.26755","GALAXY","0.7264985","117.8186","111.5008"
"163.08971","29.20141","23.32093","QSO","6.376776","-25.487","175.031"
"164.43789","29.075637","23.32503","STAR","0.003804179","231.2095","148.9103"
"163.40712","28.150391","23.34326","GALAXY","0.4180441","35.15192","-53.74765"
"163.70689","29.498462","23.43195","GALAXY","1.023923","91.60362","240.0154"
"162.12426","27.515326","23.51472","GALAXY","0.7901219","-212.5273","-191.3265"
"163.4244","27.378676","23.5354","GALAXY","0.8830041","38.79875","-221.9098"
"164.16787","28.130202","23.6655","GALAXY","0.7618464","181.2867","-57.53388"
"163.28504","28.051062","23.68475","GALAXY","0.8694683","11.75463","-75.38266"
"162.83335","29.291357","23.71066","GALAXY","0.8277028","-74.16315","194.7679"
"164.11569","28.470953","23.74973","GALAXY","0.7949498","170.6942","16.591"
"163.36364","28.446216","23.75295","GALAXY","0.8309438","26.73275","10.57906"
"164.07274","28.410519","23.85766","GALAXY","1.334257","162.5548","3.373166"
"164.35826","28.53641","23.96267","GALAXY","1.089047","217.0553","31.24267"
"161.83341","27.636846","24.16772","GALAXY","0.3341674","-268.613","-164.368"
"163.13156","28.842076","24.1978","GALAXY","1.142862","-17.57961","96.70501"
"161.61308","27.946527","24.25677","QSO","1.16489","-310.3792","-96.33166"
"162.34897","28.006814","24.31365","QSO","0.01427462","-168.1832","-84.48934"
"163.18645","27.788274","24.90791","QSO","1.637607","-7.191992","-132.6256"
